gpu,impl,B,H,N,d,causal,ms,tflops,status
NVIDIA GeForce RTX 3050 Laptop GPU,fa (ours),32,32,512,64,0,4.774623870849609,14.392647168618096,ok
NVIDIA GeForce RTX 3050 Laptop GPU,sdpa-flash (FA2),32,32,512,64,0,5.0083839893341064,13.720888191150186,ok
NVIDIA GeForce RTX 3050 Laptop GPU,sdpa-cudnn,32,32,512,64,0,5.188608169555664,13.24429875803956,ok
NVIDIA GeForce RTX 3050 Laptop GPU,sdpa-efficient,32,32,512,64,0,6.440959930419922,10.669135886321186,ok
NVIDIA GeForce RTX 3050 Laptop GPU,torch naive,32,32,512,64,0,19.536895751953125,3.5174204545330614,ok
NVIDIA GeForce RTX 3050 Laptop GPU,fa (ours),16,32,1024,64,0,9.383935928344727,14.646194786652115,ok
NVIDIA GeForce RTX 3050 Laptop GPU,sdpa-flash (FA2),16,32,1024,64,0,9.63430404663086,14.2655819047005,ok
NVIDIA GeForce RTX 3050 Laptop GPU,sdpa-cudnn,16,32,1024,64,0,10.04748821258545,13.678936522646968,ok
NVIDIA GeForce RTX 3050 Laptop GPU,sdpa-efficient,16,32,1024,64,0,12.40499210357666,11.079326155505816,ok
NVIDIA GeForce RTX 3050 Laptop GPU,torch naive,16,32,1024,64,0,37.606414794921875,3.6546678065827973,ok
NVIDIA GeForce RTX 3050 Laptop GPU,fa (ours),8,32,2048,64,0,18.526208877563477,14.837245372791635,ok
NVIDIA GeForce RTX 3050 Laptop GPU,sdpa-flash (FA2),8,32,2048,64,0,18.979839324951172,14.482625602770067,ok
NVIDIA GeForce RTX 3050 Laptop GPU,sdpa-cudnn,8,32,2048,64,0,19.695615768432617,13.956299217847448,ok
NVIDIA GeForce RTX 3050 Laptop GPU,sdpa-efficient,8,32,2048,64,0,24.435120582580566,11.249296111104782,ok
NVIDIA GeForce RTX 3050 Laptop GPU,torch naive,8,32,2048,64,0,nan,nan,OOM
NVIDIA GeForce RTX 3050 Laptop GPU,fa (ours),4,32,4096,64,0,37.187583923339844,14.783316254728765,ok
NVIDIA GeForce RTX 3050 Laptop GPU,sdpa-flash (FA2),4,32,4096,64,0,38.047119140625,14.449341403643764,ok
NVIDIA GeForce RTX 3050 Laptop GPU,sdpa-cudnn,4,32,4096,64,0,39.14329528808594,14.044699349963247,ok
NVIDIA GeForce RTX 3050 Laptop GPU,sdpa-efficient,4,32,4096,64,0,49.02912139892578,11.212842453669689,ok
NVIDIA GeForce RTX 3050 Laptop GPU,torch naive,4,32,4096,64,0,nan,nan,OOM
NVIDIA GeForce RTX 3050 Laptop GPU,fa (ours),2,32,8192,64,0,74.20620727539062,14.816976478740433,ok
NVIDIA GeForce RTX 3050 Laptop GPU,sdpa-flash (FA2),2,32,8192,64,0,76.49843215942383,14.372995586165766,ok
NVIDIA GeForce RTX 3050 Laptop GPU,sdpa-cudnn,2,32,8192,64,0,77.88375854492188,14.117341642440415,ok
NVIDIA GeForce RTX 3050 Laptop GPU,sdpa-efficient,2,32,8192,64,0,97.94099044799805,11.22626617054468,ok
NVIDIA GeForce RTX 3050 Laptop GPU,torch naive,2,32,8192,64,0,nan,nan,OOM
NVIDIA GeForce RTX 3050 Laptop GPU,fa (ours),1,32,16384,64,0,148.4031982421875,14.817896659904125,ok
NVIDIA GeForce RTX 3050 Laptop GPU,sdpa-flash (FA2),1,32,16384,64,0,156.75759887695312,14.028176441246227,ok
NVIDIA GeForce RTX 3050 Laptop GPU,sdpa-cudnn,1,32,16384,64,0,155.4155502319336,14.149312937285227,ok
NVIDIA GeForce RTX 3050 Laptop GPU,sdpa-efficient,1,32,16384,64,0,202.61924743652344,10.852983037758593,ok
NVIDIA GeForce RTX 3050 Laptop GPU,torch naive,1,32,16384,64,0,nan,nan,OOM
NVIDIA GeForce RTX 3050 Laptop GPU,fa (ours),32,32,512,64,1,3.147775888442993,10.915560569019926,ok
NVIDIA GeForce RTX 3050 Laptop GPU,sdpa-flash (FA2),32,32,512,64,1,3.402559995651245,10.098202063127353,ok
NVIDIA GeForce RTX 3050 Laptop GPU,sdpa-cudnn,32,32,512,64,1,4.192591905593872,8.195345299922057,ok
NVIDIA GeForce RTX 3050 Laptop GPU,sdpa-efficient,32,32,512,64,1,3.8661121129989624,8.887413857573566,ok
NVIDIA GeForce RTX 3050 Laptop GPU,torch naive,32,32,512,64,1,26.168208122253418,1.3130336707609915,ok
NVIDIA GeForce RTX 3050 Laptop GPU,fa (ours),16,32,1024,64,1,5.472768068313599,12.55662141684281,ok
NVIDIA GeForce RTX 3050 Laptop GPU,sdpa-flash (FA2),16,32,1024,64,1,5.822911977767944,11.801565436395581,ok
NVIDIA GeForce RTX 3050 Laptop GPU,sdpa-cudnn,16,32,1024,64,1,6.747136116027832,10.184984496274913,ok
NVIDIA GeForce RTX 3050 Laptop GPU,sdpa-efficient,16,32,1024,64,1,6.955951929092407,9.879233990762545,ok
NVIDIA GeForce RTX 3050 Laptop GPU,torch naive,16,32,1024,64,1,54.48854446411133,1.2611729201403392,ok
NVIDIA GeForce RTX 3050 Laptop GPU,fa (ours),8,32,2048,64,1,10.103743553161621,13.602775322716221,ok
NVIDIA GeForce RTX 3050 Laptop GPU,sdpa-flash (FA2),8,32,2048,64,1,10.962656021118164,12.537012308626789,ok
NVIDIA GeForce RTX 3050 Laptop GPU,sdpa-cudnn,8,32,2048,64,1,12.076031684875488,11.381135546715576,ok
NVIDIA GeForce RTX 3050 Laptop GPU,sdpa-efficient,8,32,2048,64,1,13.12662410736084,10.470243708352264,ok
NVIDIA GeForce RTX 3050 Laptop GPU,torch naive,8,32,2048,64,1,nan,nan,OOM
NVIDIA GeForce RTX 3050 Laptop GPU,fa (ours),4,32,4096,64,1,19.309056282043457,14.235698675736106,ok
NVIDIA GeForce RTX 3050 Laptop GPU,sdpa-flash (FA2),4,32,4096,64,1,20.470272064208984,13.428151129686604,ok
NVIDIA GeForce RTX 3050 Laptop GPU,sdpa-cudnn,4,32,4096,64,1,22.104416847229004,12.435429029581414,ok
NVIDIA GeForce RTX 3050 Laptop GPU,sdpa-efficient,4,32,4096,64,1,25.32454490661621,10.85420914601258,ok
NVIDIA GeForce RTX 3050 Laptop GPU,torch naive,4,32,4096,64,1,nan,nan,OOM
NVIDIA GeForce RTX 3050 Laptop GPU,fa (ours),2,32,8192,64,1,37.68320083618164,14.58888315453687,ok
NVIDIA GeForce RTX 3050 Laptop GPU,sdpa-flash (FA2),2,32,8192,64,1,40.34969711303711,13.624781676747016,ok
NVIDIA GeForce RTX 3050 Laptop GPU,sdpa-cudnn,2,32,8192,64,1,42.64395332336426,12.891764741398719,ok
NVIDIA GeForce RTX 3050 Laptop GPU,sdpa-efficient,2,32,8192,64,1,53.82553672790527,10.21366153146012,ok
NVIDIA GeForce RTX 3050 Laptop GPU,torch naive,2,32,8192,64,1,nan,nan,OOM
NVIDIA GeForce RTX 3050 Laptop GPU,fa (ours),1,32,16384,64,1,74.61785888671875,14.735234221143035,ok
NVIDIA GeForce RTX 3050 Laptop GPU,sdpa-flash (FA2),1,32,16384,64,1,80.36044692993164,13.682248790063259,ok
NVIDIA GeForce RTX 3050 Laptop GPU,sdpa-cudnn,1,32,16384,64,1,83.54549026489258,13.160634096344946,ok
NVIDIA GeForce RTX 3050 Laptop GPU,sdpa-efficient,1,32,16384,64,1,106.12675094604492,10.360362660447358,ok
NVIDIA GeForce RTX 3050 Laptop GPU,torch naive,1,32,16384,64,1,nan,nan,OOM
NVIDIA GeForce RTX 3050 Laptop GPU,fa (ours),32,16,512,128,0,4.934656143188477,13.925889614589767,ok
NVIDIA GeForce RTX 3050 Laptop GPU,sdpa-flash (FA2),32,16,512,128,0,4.979712009429932,13.799889753838773,ok
NVIDIA GeForce RTX 3050 Laptop GPU,sdpa-cudnn,32,16,512,128,0,5.296127796173096,12.975418906178149,ok
NVIDIA GeForce RTX 3050 Laptop GPU,sdpa-efficient,32,16,512,128,0,7.856128215789795,8.747244806657152,ok
NVIDIA GeForce RTX 3050 Laptop GPU,torch naive,32,16,512,128,0,11.634688377380371,5.906430366420579,ok
NVIDIA GeForce RTX 3050 Laptop GPU,fa (ours),16,16,1024,128,0,9.607024192810059,14.306090076764868,ok
NVIDIA GeForce RTX 3050 Laptop GPU,sdpa-flash (FA2),16,16,1024,128,0,9.730719566345215,14.124233314394143,ok
NVIDIA GeForce RTX 3050 Laptop GPU,sdpa-cudnn,16,16,1024,128,0,10.04851245880127,13.677542226821869,ok
NVIDIA GeForce RTX 3050 Laptop GPU,sdpa-efficient,16,16,1024,128,0,15.20742416381836,9.037622150304454,ok
NVIDIA GeForce RTX 3050 Laptop GPU,torch naive,16,16,1024,128,0,22.92019271850586,5.996413518854544,ok
NVIDIA GeForce RTX 3050 Laptop GPU,fa (ours),8,16,2048,128,0,19.042112350463867,14.435263372306695,ok
NVIDIA GeForce RTX 3050 Laptop GPU,sdpa-flash (FA2),8,16,2048,128,0,19.310592651367188,14.23456606985797,ok
NVIDIA GeForce RTX 3050 Laptop GPU,sdpa-cudnn,8,16,2048,128,0,19.818496704101562,13.869765757112763,ok
NVIDIA GeForce RTX 3050 Laptop GPU,sdpa-efficient,8,16,2048,128,0,30.093663215637207,9.134079323422764,ok
NVIDIA GeForce RTX 3050 Laptop GPU,torch naive,8,16,2048,128,0,46.50361633300781,5.910893143785343,ok
NVIDIA GeForce RTX 3050 Laptop GPU,fa (ours),4,16,4096,128,0,37.971839904785156,14.477987247036733,ok
NVIDIA GeForce RTX 3050 Laptop GPU,sdpa-flash (FA2),4,16,4096,128,0,38.549503326416016,14.261034940786908,ok
NVIDIA GeForce RTX 3050 Laptop GPU,sdpa-cudnn,4,16,4096,128,0,39.12908935546875,14.049798319959244,ok
NVIDIA GeForce RTX 3050 Laptop GPU,sdpa-efficient,4,16,4096,128,0,59.65963172912598,9.214871060285272,ok
NVIDIA GeForce RTX 3050 Laptop GPU,torch naive,4,16,4096,128,0,nan,nan,OOM
NVIDIA GeForce RTX 3050 Laptop GPU,fa (ours),2,16,8192,128,0,75.771728515625,14.51084262317268,ok
NVIDIA GeForce RTX 3050 Laptop GPU,sdpa-flash (FA2),2,16,8192,128,0,77.0208969116211,14.275497583956374,ok
NVIDIA GeForce RTX 3050 Laptop GPU,sdpa-cudnn,2,16,8192,128,0,79.15707015991211,13.8902516926761,ok
NVIDIA GeForce RTX 3050 Laptop GPU,sdpa-efficient,2,16,8192,128,0,118.65596771240234,9.26638287962886,ok
NVIDIA GeForce RTX 3050 Laptop GPU,torch naive,2,16,8192,128,0,nan,nan,OOM
NVIDIA GeForce RTX 3050 Laptop GPU,fa (ours),1,16,16384,128,0,151.36460876464844,14.527988236478613,ok
NVIDIA GeForce RTX 3050 Laptop GPU,sdpa-flash (FA2),1,16,16384,128,0,153.98957061767578,14.280338900429298,ok
NVIDIA GeForce RTX 3050 Laptop GPU,sdpa-cudnn,1,16,16384,128,0,160.2299041748047,13.724175065054958,ok
NVIDIA GeForce RTX 3050 Laptop GPU,sdpa-efficient,1,16,16384,128,0,236.41686248779297,9.301465354086336,ok
NVIDIA GeForce RTX 3050 Laptop GPU,torch naive,1,16,16384,128,0,nan,nan,OOM
NVIDIA GeForce RTX 3050 Laptop GPU,fa (ours),32,16,512,128,1,3.0146560668945312,11.39756496448193,ok
NVIDIA GeForce RTX 3050 Laptop GPU,sdpa-flash (FA2),32,16,512,128,1,3.077120065689087,11.166200094407275,ok
NVIDIA GeForce RTX 3050 Laptop GPU,sdpa-cudnn,32,16,512,128,1,3.5829761028289795,9.589720216350557,ok
NVIDIA GeForce RTX 3050 Laptop GPU,sdpa-efficient,32,16,512,128,1,4.976640224456787,6.9042038038324245,ok
NVIDIA GeForce RTX 3050 Laptop GPU,torch naive,32,16,512,128,1,14.919679641723633,2.3029809750010495,ok
NVIDIA GeForce RTX 3050 Laptop GPU,fa (ours),16,16,1024,128,1,5.444000005722046,12.622975140295878,ok
NVIDIA GeForce RTX 3050 Laptop GPU,sdpa-flash (FA2),16,16,1024,128,1,5.5531840324401855,12.374788289845892,ok
NVIDIA GeForce RTX 3050 Laptop GPU,sdpa-cudnn,16,16,1024,128,1,6.005760192871094,11.442261184116342,ok
NVIDIA GeForce RTX 3050 Laptop GPU,sdpa-efficient,16,16,1024,128,1,8.636320114135742,7.957032141909775,ok
NVIDIA GeForce RTX 3050 Laptop GPU,torch naive,16,16,1024,128,1,31.00774383544922,2.2162037038450153,ok
NVIDIA GeForce RTX 3050 Laptop GPU,fa (ours),8,16,2048,128,1,10.304512023925781,13.33774497549074,ok
NVIDIA GeForce RTX 3050 Laptop GPU,sdpa-flash (FA2),8,16,2048,128,1,10.588095664978027,12.980516782314623,ok
NVIDIA GeForce RTX 3050 Laptop GPU,sdpa-cudnn,8,16,2048,128,1,10.896927833557129,12.612633172512737,ok
NVIDIA GeForce RTX 3050 Laptop GPU,sdpa-efficient,8,16,2048,128,1,15.9203519821167,8.63290922376496,ok
NVIDIA GeForce RTX 3050 Laptop GPU,torch naive,8,16,2048,128,1,62.497440338134766,2.1991133193360133,ok
NVIDIA GeForce RTX 3050 Laptop GPU,fa (ours),4,16,4096,128,1,19.980287551879883,13.757455003100674,ok
NVIDIA GeForce RTX 3050 Laptop GPU,sdpa-flash (FA2),4,16,4096,128,1,20.823040008544922,13.200661710835757,ok
NVIDIA GeForce RTX 3050 Laptop GPU,sdpa-cudnn,4,16,4096,128,1,20.58438491821289,13.353710010581386,ok
NVIDIA GeForce RTX 3050 Laptop GPU,sdpa-efficient,4,16,4096,128,1,30.97804832458496,8.873312613624208,ok
NVIDIA GeForce RTX 3050 Laptop GPU,torch naive,4,16,4096,128,1,nan,nan,OOM
NVIDIA GeForce RTX 3050 Laptop GPU,fa (ours),2,16,8192,128,1,39.54483222961426,13.902089929118473,ok
NVIDIA GeForce RTX 3050 Laptop GPU,sdpa-flash (FA2),2,16,8192,128,1,42.35209655761719,12.980604469960397,ok
NVIDIA GeForce RTX 3050 Laptop GPU,sdpa-cudnn,2,16,8192,128,1,41.365440368652344,13.290220265722525,ok
NVIDIA GeForce RTX 3050 Laptop GPU,sdpa-efficient,2,16,8192,128,1,61.97248077392578,8.8709667101031,ok
NVIDIA GeForce RTX 3050 Laptop GPU,torch naive,2,16,8192,128,1,nan,nan,OOM
NVIDIA GeForce RTX 3050 Laptop GPU,fa (ours),1,16,16384,128,1,78.39374542236328,14.025501930697953,ok
NVIDIA GeForce RTX 3050 Laptop GPU,sdpa-flash (FA2),1,16,16384,128,1,86.76280212402344,12.672615462606874,ok
NVIDIA GeForce RTX 3050 Laptop GPU,sdpa-cudnn,1,16,16384,128,1,82.75302505493164,13.286663865715383,ok
NVIDIA GeForce RTX 3050 Laptop GPU,sdpa-efficient,1,16,16384,128,1,123.00859069824219,8.938494633055837,ok
NVIDIA GeForce RTX 3050 Laptop GPU,torch naive,1,16,16384,128,1,nan,nan,OOM
